שם_מלא	טלפון	דירה	הערה
דוד כהן	0501234501	1	
שרה לוי	0521234502	2	
יוסי מזרחי	0531234503	3	מנהל ועד הבית
מרים פרץ	0541234504	4	
אבי ביטון	0551234505	5	
נעמי דהן	0581234506	6	מעדיפה הודעות בלבד
משה אברהם	0501234507	7	
רחל שלום	0521234508	8	
יעקב חדד	0531234509	9	
לאה גבאי	0541234510	10	בעלת כלב
שלמה אזולאי	0551234511	11	
תמר מוסרי	0521234512	12	
אריה מלכה	0501234513	13	קשה להשגה - רק בבוקר
דינה אוחיון	0531234514	14	
גל שטרית	0541234515	15	
חנה בן-שמעון	0581234516	16	גמלאית
ניר ברוך	0501234517	17	
יעל שמעון	0521234518	18	
עמית נחמן	0531234519	19	
נורית כץ	0541234520	20	דיירת חדשה - עברה ב-03/2026
רן גולן	0551234521	21	
דליה שפירא	0521234522	22	
איתמר גרינברג	0501234523	23	עסק בדירה - יש לתאם מראש
גלית פלד	0531234524	24	
שי רוזן	0541234525	25	
שירה שור	0581234526	26	
אסף ברגר	0501234527	27	אלרגי - ריסוס אסור בחלוטין
ליאת אייל	0521234528	28	
מיכאל רייס	0531234529	29	
כרמית גורדון	0541234530	30	משפחה גדולה - 6 נפשות
אלי קפלן	0551234531	31	
איריס פרידמן	0521234532	32	
נועם ליבוביץ	0501234533	33	
עדי שטיין	0531234534	34	מעדיפה ווטסאפ
ירון בלום	0541234535	35	
הדר נובק	0581234536	36	
עידו פישר	0501234537	37	
טל ורשבסקי	0521234538	38	שפה עיקרית: רוסית
בן פטרוב	0531234539	39	
רוני אוסטרוב	0541234540	40	
אור גלזר	0551234541	41	
נועה זיו	0521234542	42	
אדם לנדאו	0501234543	43	סטודנט
שני אוחנה	0531234544	44	
ליה בוחניק	0541234545	45	
אורית חיון	0581234546	46	נכה - קומה ראשונה
לירן בוזו	0501234547	47	
נגה ג'ורג'	0521234548	48	שפה עיקרית: ערבית
אלון חמו	0531234549	49	
ברק אוחנה	0541234550	50	
ראובן מנחם	0551234551	51	
ולדימיר גרינשטיין	0521234552	52	שפה עיקרית: רוסית
איגור פרלמן	0501234553	53	
אירינה שפירו	0531234554	54	
נטשה לוינסון	0541234555	55	מעדיפה הודעות בלבד
בוריס קלין	0581234556	56	
אנה ראידמן	0501234557	57	
אנדרי בורוכוב	0521234558	58	
אולגה ראבינוביץ	0531234559	59	
לריסה פורטנוי	0541234560	60	גמלאית - זקוקה לסיוע
מרינה זלדין	0551234561	61	
סוזן ג'קסון	0521234562	62	שפה עיקרית: אנגלית
עמנואל גנים	0501234563	63	
פאטמה חסן	0531234564	64	שפה עיקרית: ערבית
מוחמד ג'בר	0541234565	65	
אחמד עלי	0581234566	66	
ח'אולה מנסור	0501234567	67	
יוסף אבו-עמר	0521234568	68	
מיכל דנינו	0531234569	69	
אבנר צדוק	0541234570	70	בעל חתול
תהילה פינטו	0551234571	71	
גבריאל אזרן	0521234572	72	
ציפורה ויזל	0501234573	73	
אפרים גולדברג	0531234574	74	
פנינה שניידר	0541234575	75	ועד - גזברית
שמואל הלוי	0581234576	76	
ליבנה בסו	0501234577	77	שפה עיקרית: אמהרית
מלכה ג'ולי	0521234578	78	
גדעון אלחדד	0531234579	79	
תפארת רומנו	0541234580	80	
ארנון רז	0551234581	81	
זהבה מיארה	0521234582	82	
מנחם שרעבי	0501234583	83	airbnb - לא תמידי
יפה גבע	0531234584	84	
פרץ אוסמו	0541234585	85	
רויטל חנוך	0581234586	86	
ישראל בן-חיים	0501234587	87	
אסתר ביאליק	0521234588	88	
יהודה שושן	0531234589	89	
שושנה חורי	0541234590	90	
ברכה מסיקה	0551234591	91	
אברהם תורג'מן	0521234592	92	שכן מתלונן תכוף
חיים בן-זקן	0501234593	93	
פאני גרשוביץ	0531234594	94	
שלום דיין	0541234595	95	
מזל לוזון	0581234596	96	
טוביה נחום	0501234597	97	
ריקי פרנקל	0521234598	98	
גבריאל סבג	0531234599	99	
זיוה חנניה	0541234600	100	דיירת ותיקה - 20 שנה בבניין
ניסים אלמליח	0551234601	101	
רינה בנימין	0521234602	102	
אמנון ביבי	0501234603	103	
חגית שגיא	0531234604	104	
מרדכי קורן	0541234605	105	משפחה עם ילדים קטנים
דבורה יונה	0581234606	106	
אלחנן ספיר	0501234607	107	
יהודית זהר	0521234608	108	
עוזי קמחי	0531234609	109	
מירי לוגסי	0541234610	110	
אביגיל בירן	0551234611	111	
שלמה מכלוף	0521234612	112	
ענת שפר	0501234613	113	עובדת מהבית - זמינה רוב היום
רפאל בוסקילה	0531234614	114	
אורנה מימון	0541234615	115	
פנחס חזן	0581234616	116	
יפית בכר	0501234617	117	
עמוס בן-נון	0521234618	118	
בתיה קדוש	0531234619	119	
דוד אלגרבלי	0541234620	120	קבלן - לא דייר קבוע
חנה גאון	0551234621	121	
אריאל ורד	0521234622	122	
ורד שלושה	0501234623	123	
מתן כחלון	0531234624	124	
סמדר נסים	0541234625	125	
גיל מנור	0581234626	126	
נטע פז	0501234627	127	
טלי גרשון	0521234628	128	
אמיר אמסלם	0531234629	129	
שני שמש	0541234630	130	
ליאור בן-ארי	0551234631	131	
נופר בר-אל	0521234632	132	
אוהד ניסנוב	0501234633	133	שפה עיקרית: רוסית
גוני גבע	0531234634	134	
ענבל כהן	0541234635	135	
נדב פרחי	0581234636	136	עורך דין - יש לתקשר בכתב בלבד
שקד לוי	0501234637	137	
ליאל מזרחי	0521234638	138	
מור אלבז	0531234639	139	
תום שגיא	0541234640	140	
יובל קריף	0551234641	141	
נועם ויסמן	0521234642	142	
רז עמרם	0501234643	143	
שיר אוחיון	0531234644	144	
אגם לוינסקי	0541234645	145	
אלמוג שמאי	0581234646	146	
ליבי אוסטרובסקי	0501234647	147	
אורי פרץ	0521234648	148	
מאיה בן-דוד	0531234649	149	
ניב חסון	0541234650	150	דייר חדש - עזר להעביר ריהוט בכניסה
